33a84919-37d0-4a34-9bef-499512116755,dataset,None,None
0ba7af30-34a9-4655-ac60-e4d918504c01,dataset,None,None
112ea35c-1bdf-439d-ad23-7b5a60c835ff,dataset,None,None
b62d1e93-ac1a-4fb1-be6d-637de4dd064b,dataset,None,None
b3b1eb0d-3daa-4978-b092-14031f68fc7c,dataset,None,None
20758613-9823-47e3-9bc7-1e05e825af27,dataset,None,None
668fac6b-9a9a-43fc-94f8-ce218e851283,dataset,None,None
706d34c2-341d-4e1f-93ff-fde71201076c,dataset,None,None
c9338b4c-d801-45e7-8c9f-002aa1716106,dataset,None,None
e199c17c-e532-44ae-8024-4eb80a18ff91,dataset,None,None
545ccb4c-dccc-458f-9447-f0b059fbc4fe,dataset,None,None
e29df82e-4f42-4798-80d3-cf856e56b3b7,dataset,None,None
621d6486-0332-4db5-80c2-62c2d9fa3fb0,dataset,None,None
093f5de7-c09b-4002-b385-4de63b1aaf92,dataset,None,None
0d46ac3f-639c-49d3-8f7c-8fd84f3ba21e,dataset,None,None
b78d1620-646c-41b2-a07e-b88478a73bdb,dataset,None,None
336057bd-9dfc-4345-b2b2-13990b8edc58,dataset,None,None
be86c4e4-6cf6-4d4c-951f-c23d30381842,dataset,None,None
c374e59d-fe47-4ea7-871b-0b59147c30b9,dataset,None,None
d3b6b573-20d5-4ec9-8bd3-8b58b76fc326,dataset,None,None
cebf4187-df54-4fb4-a749-4b552a7a07a5,dataset,None,None
